<?xml version="1.0" encoding="UTF-8"?>
<project-private xmlns="http://www.netbeans.org/ns/project-private/1">
    <open-files xmlns="http://www.netbeans.org/ns/projectui-open-files/2">
        <group>
            <file>file:/C:/Users/Cococ/OneDrive/Escritorio/Arreglos%20Unidimensionales/Programa5/Problema5/src/programa/pkg5/Programa5.java</file>
            <file>file:/C:/Users/Cococ/OneDrive/Escritorio/Arreglos%20Unidimensionales/Programa5/Problema5/src/programa/pkg5/Ordenado.java</file>
        </group>
    </open-files>
</project-private>
